{
  "SeasonalNaive_val": {
    "MAE": 843.9362745098039,
    "RMSE": 2927.5729670189776,
    "SMAPE": 22.100760417051095,
    "MedianAE": 0.0,
    "WAPE": 62.25433854907539
  },
  "SeasonalNaive_test": {
    "MAE": 2648.1049596309113,
    "RMSE": 5804.604398210371,
    "SMAPE": 77.58034302241435,
    "MedianAE": 852.0,
    "WAPE": 55.01011729388019
  },
  "MovingAverage_val": {
    "MAE": 633.4945625308947,
    "RMSE": 2159.7169819665087,
    "SMAPE": 20.331617282601375,
    "MedianAE": 0.0,
    "WAPE": 46.73076173636921
  },
  "MovingAverage_test": {
    "MAE": 2031.0078060636017,
    "RMSE": 4400.531112731828,
    "SMAPE": 67.57432587583074,
    "MedianAE": 648.6428571428571,
    "WAPE": 42.190917406807465
  },
  "LightGBM_val": {
    "MAE": 769.9595320712382,
    "RMSE": 2462.5609979317173,
    "SMAPE": 168.23388993766693,
    "MedianAE": 11.779348635786574,
    "WAPE": 56.797323241606556
  },
  "LightGBM_test": {
    "MAE": 2349.6144711638653,
    "RMSE": 5380.252819485545,
    "SMAPE": 75.48052562064812,
    "MedianAE": 689.3854785960541,
    "WAPE": 48.809457942383645
  },
  "CatBoost_val": {
    "MAE": 763.1370895580644,
    "RMSE": 2256.9258166768545,
    "SMAPE": 168.0752417235763,
    "MedianAE": 74.44855128917106,
    "WAPE": 56.2940546195848
  },
  "CatBoost_test": {
    "MAE": 2238.919107567991,
    "RMSE": 5046.863679586854,
    "SMAPE": 75.3489576423555,
    "MedianAE": 691.1408239733848,
    "WAPE": 46.5099399745813
  }
}