{
  "LSTM": {
    "LSTM_val": {
      "MAE": 1265.1065673828125,
      "RMSE": 2478.3992817946023,
      "SMAPE": 173.69268798828125,
      "MedianAE": 645.9913330078125,
      "WAPE": 102.6373291015625
    },
    "LSTM_test": {
      "MAE": 2537.8291015625,
      "RMSE": 5211.66441743902,
      "SMAPE": 80.67184448242188,
      "MedianAE": 1095.1483154296875,
      "WAPE": 51.57352828979492
    }
  },
  "GRU": {
    "GRU_val": {
      "MAE": 1114.5419921875,
      "RMSE": 2577.1310599191497,
      "SMAPE": 174.34913635253906,
      "MedianAE": 505.7442321777344,
      "WAPE": 90.42211151123047
    },
    "GRU_test": {
      "MAE": 2524.13525390625,
      "RMSE": 5452.904913896812,
      "SMAPE": 78.719482421875,
      "MedianAE": 937.3003540039062,
      "WAPE": 51.29523849487305
    }
  },
  "Transformer": {
    "Transformer_val": {
      "MAE": 722.2791748046875,
      "RMSE": 2390.9616266264084,
      "SMAPE": 174.8877410888672,
      "MedianAE": 20.194686889648438,
      "WAPE": 58.59806442260742
    },
    "Transformer_test": {
      "MAE": 2331.126220703125,
      "RMSE": 4966.1173969208585,
      "SMAPE": 99.76636505126953,
      "MedianAE": 836.60791015625,
      "WAPE": 47.37293243408203
    }
  }
}