{
  "GRU_val": {
    "MAE": 1114.5419921875,
    "RMSE": 2577.1310599191497,
    "SMAPE": 174.34913635253906,
    "MedianAE": 505.7442321777344,
    "WAPE": 90.42211151123047
  },
  "GRU_test": {
    "MAE": 2524.13525390625,
    "RMSE": 5452.904913896812,
    "SMAPE": 78.719482421875,
    "MedianAE": 937.3003540039062,
    "WAPE": 51.29523849487305
  }
}