{
  "LSTM_val": {
    "MAE": 1265.1065673828125,
    "RMSE": 2478.3992817946023,
    "SMAPE": 173.69268798828125,
    "MedianAE": 645.9913330078125,
    "WAPE": 102.6373291015625
  },
  "LSTM_test": {
    "MAE": 2537.8291015625,
    "RMSE": 5211.66441743902,
    "SMAPE": 80.67184448242188,
    "MedianAE": 1095.1483154296875,
    "WAPE": 51.57352828979492
  }
}