model,MAE,RMSE,WAPE,SMAPE
CatBoost,92.25485745370472,417.5695503219059,6.825953428945162,181.82265552059062
LightGBM,104.43858749237681,494.32791883813604,7.727429797022041,181.96833684288208
