{
  "Transformer_val": {
    "MAE": 722.2791748046875,
    "RMSE": 2390.9616266264084,
    "SMAPE": 174.8877410888672,
    "MedianAE": 20.194686889648438,
    "WAPE": 58.59806442260742
  },
  "Transformer_test": {
    "MAE": 2331.126220703125,
    "RMSE": 4966.1173969208585,
    "SMAPE": 99.76636505126953,
    "MedianAE": 836.60791015625,
    "WAPE": 47.37293243408203
  }
}